Rank,Song,Artist,Trend,Last Week,Peak,Weeks,Link
1,After Hours,The Weeknd,Steady,1,1,3,https://www.billboard.com/charts/billboard-200?rank=1
2,Pray 4 Love,Rod Wave,New,-,2,1,https://www.billboard.com/charts/billboard-200?rank=2
3,Eternal Atake,Lil Uzi Vert,Steady,3,1,5,https://www.billboard.com/charts/billboard-200?rank=3
4,My Turn,Lil Baby,Rising,6,1,6,https://www.billboard.com/charts/billboard-200?rank=4
5,SOUTHSIDE,Sam Hunt,New,-,5,1,https://www.billboard.com/charts/billboard-200?rank=5
6,YHLQMDLG,Bad Bunny,Rising,7,2,6,https://www.billboard.com/charts/billboard-200?rank=6
7,Please Excuse Me For Being Antisocial,Roddy Ricch,Rising,9,1,18,https://www.billboard.com/charts/billboard-200?rank=7
8,Future Nostalgia,Dua Lipa,Failing,4,4,2,https://www.billboard.com/charts/billboard-200?rank=8
9,Hollywood's Bleeding,Post Malone,Rising,11,1,31,https://www.billboard.com/charts/billboard-200?rank=9
10,Chilombo,Jhene Aiko,Rising,12,2,5,https://www.billboard.com/charts/billboard-200?rank=10
11,Changes,Justin Bieber,Rising,14,1,8,https://www.billboard.com/charts/billboard-200?rank=11
12,"When We All Fall Asleep, Where Do We Go?",Billie Eilish,Rising,16,1,54,https://www.billboard.com/charts/billboard-200?rank=12
13,Frozen II,Soundtrack,Rising,15,1,21,https://www.billboard.com/charts/billboard-200?rank=13
14,Fine Line,Harry Styles,Rising,17,1,17,https://www.billboard.com/charts/billboard-200?rank=14
15,What You See Is What You Get,Luke Combs,Rising,18,1,22,https://www.billboard.com/charts/billboard-200?rank=15
16,Suga,Megan Thee Stallion,Rising,19,10,5,https://www.billboard.com/charts/billboard-200?rank=16
17,Hot Pink,Doja Cat,Rising,20,17,23,https://www.billboard.com/charts/billboard-200?rank=17
18,This One's For You,Luke Combs,Rising,23,4,149,https://www.billboard.com/charts/billboard-200?rank=18
19,"Meet The Woo, V.2",Pop Smoke,Rising,21,7,9,https://www.billboard.com/charts/billboard-200?rank=19
20,PARTYMOBILE,PARTYNEXTDOOR,Failing,8,8,2,https://www.billboard.com/charts/billboard-200?rank=20
21,ADHD,Joyner Lucas,Failing,10,10,2,https://www.billboard.com/charts/billboard-200?rank=21
22,C A L M,5 Seconds Of Summer,Failing,2,2,3,https://www.billboard.com/charts/billboard-200?rank=22
23,If I Know Me,Morgan Wallen,Rising,36,23,80,https://www.billboard.com/charts/billboard-200?rank=23
24,Ghetto Gospel,Rod Wave,Steady,24,10,23,https://www.billboard.com/charts/billboard-200?rank=24
25,beerbongs & bentleys,Post Malone,Rising,28,1,102,https://www.billboard.com/charts/billboard-200?rank=25
26,Goodbye & Good Riddance,Juice WRLD,Rising,29,4,99,https://www.billboard.com/charts/billboard-200?rank=26
27,"Still Flexin, Still Steppin",YoungBoy Never Broke Again,Failing,22,2,7,https://www.billboard.com/charts/billboard-200?rank=27
28,Over It,Summer Walker,Rising,30,2,27,https://www.billboard.com/charts/billboard-200?rank=28
29,Divinely Uninspired To A Hellish Extent,Lewis Capaldi,Rising,33,20,47,https://www.billboard.com/charts/billboard-200?rank=29
30,KIKI,Kiana Lede,New,-,30,1,https://www.billboard.com/charts/billboard-200?rank=30
31,"Wake Up, Sunshine",All Time Low,New,-,31,1,https://www.billboard.com/charts/billboard-200?rank=31
32,Music To Be Murdered By,Eminem,Failing,26,1,12,https://www.billboard.com/charts/billboard-200?rank=32
33,KIRK,DaBaby,Failing,31,1,28,https://www.billboard.com/charts/billboard-200?rank=33
34,Artist 2.0,A Boogie Wit da Hoodie,Failing,27,2,8,https://www.billboard.com/charts/billboard-200?rank=34
35,Manic,Halsey,Steady,35,2,12,https://www.billboard.com/charts/billboard-200?rank=35
36,Lover,Taylor Swift,Failing,32,1,33,https://www.billboard.com/charts/billboard-200?rank=36
37,MAP OF THE SOUL : 7,BTS,Failing,25,1,7,https://www.billboard.com/charts/billboard-200?rank=37
38,It Is What It Is,Thundercat,New,-,38,1,https://www.billboard.com/charts/billboard-200?rank=38
39,Certified Hitmaker,Lil Mosey,Failing,37,12,19,https://www.billboard.com/charts/billboard-200?rank=39
40,Scorpion,Drake,Rising,42,1,93,https://www.billboard.com/charts/billboard-200?rank=40
41,Greatest Hits,Queen,Failing,39,11,381,https://www.billboard.com/charts/billboard-200?rank=41
42,AI YoungBoy 2,YoungBoy Never Broke Again,Failing,41,1,26,https://www.billboard.com/charts/billboard-200?rank=42
43,Death Race For Love,Juice WRLD,Rising,44,1,57,https://www.billboard.com/charts/billboard-200?rank=43
44,Hamilton: An American Musical,Original Broadway Cast,Rising,73,3,237,https://www.billboard.com/charts/billboard-200?rank=44
45,JACKBOYS,JACKBOYS,Failing,43,1,15,https://www.billboard.com/charts/billboard-200?rank=45
46,Dont Smile At Me,Billie Eilish,Failing,45,14,120,https://www.billboard.com/charts/billboard-200?rank=46
47,A Love Letter To You 4,Trippie Redd,Failing,40,1,20,https://www.billboard.com/charts/billboard-200?rank=47
48,Stoney,Post Malone,Failing,46,4,174,https://www.billboard.com/charts/billboard-200?rank=48
49,Diamonds,Elton John,Steady,49,7,126,https://www.billboard.com/charts/billboard-200?rank=49
50,ASTROWORLD,Travis Scott,Rising,54,1,88,https://www.billboard.com/charts/billboard-200?rank=50
51,So Much Fun,Young Thug,Rising,52,1,34,https://www.billboard.com/charts/billboard-200?rank=51
52,Cuz I Love You,Lizzo,Failing,50,4,51,https://www.billboard.com/charts/billboard-200?rank=52
53,Guardians,August Burns Red,New,-,53,1,https://www.billboard.com/charts/billboard-200?rank=53
54,Never Will,Ashley McBryde,New,-,54,1,https://www.billboard.com/charts/billboard-200?rank=54
55,John Prine,John Prine,Re-Enter,-,55,4,https://www.billboard.com/charts/billboard-200?rank=55
56,Fully Loaded: God's Country,Blake Shelton,Steady,56,2,17,https://www.billboard.com/charts/billboard-200?rank=56
57,Romance,Camila Cabello,Failing,53,3,18,https://www.billboard.com/charts/billboard-200?rank=57
58,?,XXXTENTACION,Failing,57,1,108,https://www.billboard.com/charts/billboard-200?rank=58
59,Melly vs. Melvin,YNW Melly,Failing,55,8,20,https://www.billboard.com/charts/billboard-200?rank=59
60,Heaven Or Hell,Don Toliver,Failing,48,7,4,https://www.billboard.com/charts/billboard-200?rank=60
61,Declaration,Red,New,-,61,1,https://www.billboard.com/charts/billboard-200?rank=61
62,Legend: The Best Of...,Bob Marley And The Wailers,Rising,64,5,621,https://www.billboard.com/charts/billboard-200?rank=62
63,Rare,Selena Gomez,Rising,94,1,13,https://www.billboard.com/charts/billboard-200?rank=63
64,Free Spirit,Khalid,Failing,60,1,53,https://www.billboard.com/charts/billboard-200?rank=64
65,Indigo,Chris Brown,Failing,61,1,41,https://www.billboard.com/charts/billboard-200?rank=65
66,Gigaton,Pearl Jam,Failing,5,5,2,https://www.billboard.com/charts/billboard-200?rank=66
67,PTSD,G Herbo,Failing,58,7,6,https://www.billboard.com/charts/billboard-200?rank=67
68,Chronicle The 20 Greatest Hits,Creedence Clearwater Revival,Steady,68,22,466,https://www.billboard.com/charts/billboard-200?rank=68
69,1,The Beatles,Failing,66,1,415,https://www.billboard.com/charts/billboard-200?rank=69
70,Sweet Action,Jack Harlow,Rising,71,36,4,https://www.billboard.com/charts/billboard-200?rank=70
71,¡À (Divide),Ed Sheeran,Failing,69,1,162,https://www.billboard.com/charts/billboard-200?rank=71
72,"Thank U, Next",Ariana Grande,Failing,67,1,61,https://www.billboard.com/charts/billboard-200?rank=72
73,Collection One,SAINt JHN,Rising,77,73,3,https://www.billboard.com/charts/billboard-200?rank=73
74,American Teen,Khalid,Rising,75,4,162,https://www.billboard.com/charts/billboard-200?rank=74
75,Traveller,Chris Stapleton,Rising,78,1,239,https://www.billboard.com/charts/billboard-200?rank=75
76,Experiment,Kane Brown,Failing,65,1,74,https://www.billboard.com/charts/billboard-200?rank=76
77,Still Bill,Bill Withers,Re-Enter,-,4,44,https://www.billboard.com/charts/billboard-200?rank=77
78,Rumours,Fleetwood Mac,Rising,84,1,367,https://www.billboard.com/charts/billboard-200?rank=78
79,BEFORE LOVE CAME TO KILL US,Jessie Reyez,Failing,13,13,2,https://www.billboard.com/charts/billboard-200?rank=79
80,Perfect Ten,Mustard,Failing,74,8,41,https://www.billboard.com/charts/billboard-200?rank=80
81,The Kids Are Coming (EP),Tones And I,Failing,62,30,27,https://www.billboard.com/charts/billboard-200?rank=81
82,Colores,J Balvin,Failing,51,15,3,https://www.billboard.com/charts/billboard-200?rank=82
83,No.6 Collaborations Project,Ed Sheeran,Failing,72,1,39,https://www.billboard.com/charts/billboard-200?rank=83
84,Journey's Greatest Hits,Journey,Rising,86,10,611,https://www.billboard.com/charts/billboard-200?rank=84
85,kelsea,Kelsea Ballerini,Failing,47,12,3,https://www.billboard.com/charts/billboard-200?rank=85
86,Just As I Am,Bill Withers,Re-Enter,-,39,34,https://www.billboard.com/charts/billboard-200?rank=86
87,Moana,Soundtrack,Failing,85,2,176,https://www.billboard.com/charts/billboard-200?rank=87
88,7 (EP),Lil Nas X,Failing,76,2,42,https://www.billboard.com/charts/billboard-200?rank=88
89,True 2 Myself,Lil Tjay,Failing,88,5,26,https://www.billboard.com/charts/billboard-200?rank=89
90,Luv Is Rage 2,Lil Uzi Vert,Failing,82,1,137,https://www.billboard.com/charts/billboard-200?rank=90
91,Time Served,Moneybagg Yo,Failing,80,3,13,https://www.billboard.com/charts/billboard-200?rank=91
92,Circles,Mac Miller,Failing,63,3,12,https://www.billboard.com/charts/billboard-200?rank=92
93,Dan + Shay,Dan + Shay,Rising,104,6,94,https://www.billboard.com/charts/billboard-200?rank=93
94,Dreamville & J. Cole: Revenge Of The Dreamers III,Various Artists,Failing,92,1,40,https://www.billboard.com/charts/billboard-200?rank=94
95,The Essential Billy Joel,Billy Joel,Steady,95,15,186,https://www.billboard.com/charts/billboard-200?rank=95
96,Titans Of Creation,Testament,New,-,96,1,https://www.billboard.com/charts/billboard-200?rank=96
97,The Greatest Showman,Soundtrack,Failing,89,1,122,https://www.billboard.com/charts/billboard-200?rank=97
98,Invasion Of Privacy,Cardi B,Failing,96,1,105,https://www.billboard.com/charts/billboard-200?rank=98
99,GIRL,Maren Morris,Rising,110,4,57,https://www.billboard.com/charts/billboard-200?rank=99
100,Shawn Mendes,Shawn Mendes,Failing,91,1,98,https://www.billboard.com/charts/billboard-200?rank=100
101,Look Up Child,Lauren Daigle,Rising,102,3,83,https://www.billboard.com/charts/billboard-200?rank=101
102,Greatest Hits,Tom Petty And The Heartbreakers,Rising,108,2,352,https://www.billboard.com/charts/billboard-200?rank=102
103,Starboy,The Weeknd,Failing,97,1,176,https://www.billboard.com/charts/billboard-200?rank=103
104,The Search,NF,Failing,99,1,37,https://www.billboard.com/charts/billboard-200?rank=104
105,Take Care,Drake,Rising,113,1,371,https://www.billboard.com/charts/billboard-200?rank=105
106,Beauty Behind The Madness,The Weeknd,Failing,101,1,240,https://www.billboard.com/charts/billboard-200?rank=106
107,Nicotine,Trevor Daniel,Failing,79,79,2,https://www.billboard.com/charts/billboard-200?rank=107
108,Frozen,Soundtrack,Failing,98,1,147,https://www.billboard.com/charts/billboard-200?rank=108
109,The Tree Of Forgiveness,John Prine,Re-Enter,-,5,5,https://www.billboard.com/charts/billboard-200?rank=109
110,Greatest Hits,2Pac,Failing,103,3,319,https://www.billboard.com/charts/billboard-200?rank=110
111,Abbey Road,The Beatles,Failing,109,1,356,https://www.billboard.com/charts/billboard-200?rank=111
112,~how i'm feeling~,Lauv,Failing,93,16,5,https://www.billboard.com/charts/billboard-200?rank=112
113,Old Dominion,Old Dominion,Rising,114,9,24,https://www.billboard.com/charts/billboard-200?rank=113
114,Views,Drake,Rising,119,1,206,https://www.billboard.com/charts/billboard-200?rank=114
115,Hoodie SZN,A Boogie Wit da Hoodie,Failing,106,1,68,https://www.billboard.com/charts/billboard-200?rank=115
116,DAMN.,Kendrick Lamar,Steady,116,1,156,https://www.billboard.com/charts/billboard-200?rank=116
117,17,XXXTENTACION,Failing,111,2,137,https://www.billboard.com/charts/billboard-200?rank=117
118,Chixtape 5,Tory Lanez,Failing,107,2,21,https://www.billboard.com/charts/billboard-200?rank=118
119,Baby On Baby,DaBaby,Failing,105,7,58,https://www.billboard.com/charts/billboard-200?rank=119
120,Center Point Road,Thomas Rhett,Failing,117,1,44,https://www.billboard.com/charts/billboard-200?rank=120
121,Last Of The Street Survivors Farewell Tour Lyve!,Lynyrd Skynyrd,Re-Enter,-,121,2,https://www.billboard.com/charts/billboard-200?rank=121
122,Funeral,Lil Wayne,Failing,112,1,10,https://www.billboard.com/charts/billboard-200?rank=122
123,Blonde,Frank Ocean,Rising,162,1,173,https://www.billboard.com/charts/billboard-200?rank=123
124,Heartbreak Weather,Niall Horan,Failing,87,4,4,https://www.billboard.com/charts/billboard-200?rank=124
125,Greatest Hits,Guns N' Roses,Failing,120,3,499,https://www.billboard.com/charts/billboard-200?rank=125
126,Kane Brown,Kane Brown,Failing,125,5,175,https://www.billboard.com/charts/billboard-200?rank=126
127,Where The Light Is,Surfaces,Failing,123,120,7,https://www.billboard.com/charts/billboard-200?rank=127
128,Victory Lap,Nipsey Hussle,Failing,81,2,63,https://www.billboard.com/charts/billboard-200?rank=128
129,More Life,Drake,Rising,144,1,159,https://www.billboard.com/charts/billboard-200?rank=129
130,Home State,Jordan Davis,Rising,134,47,17,https://www.billboard.com/charts/billboard-200?rank=130
131,Back In Black,AC/DC,Failing,122,4,406,https://www.billboard.com/charts/billboard-200?rank=131
132,Evolve,Imagine Dragons,Failing,124,2,146,https://www.billboard.com/charts/billboard-200?rank=132
133,We Love You Tecca,Lil Tecca,Failing,121,4,32,https://www.billboard.com/charts/billboard-200?rank=133
134,Die A Legend,Polo G,Failing,126,6,44,https://www.billboard.com/charts/billboard-200?rank=134
135,Ticket To L.A.,Brett Young,Rising,153,15,17,https://www.billboard.com/charts/billboard-200?rank=135
136,Greatest Hits,The Notorious B.I.G.,Failing,127,1,217,https://www.billboard.com/charts/billboard-200?rank=136
137,Birds Of Prey: The Album,Soundtrack,Failing,130,23,9,https://www.billboard.com/charts/billboard-200?rank=137
138,The Essential Michael Jackson,Michael Jackson,Failing,137,31,319,https://www.billboard.com/charts/billboard-200?rank=138
139,1989,Taylor Swift,Failing,131,1,278,https://www.billboard.com/charts/billboard-200?rank=139
140,Kid Krow,Conan Gray,Failing,83,5,3,https://www.billboard.com/charts/billboard-200?rank=140
141,Lady Like,Ingrid Andress,Failing,90,90,2,https://www.billboard.com/charts/billboard-200?rank=141
142,2014 Forest Hills Drive,J. Cole,Failing,135,1,279,https://www.billboard.com/charts/billboard-200?rank=142
143,Happiness Begins,Jonas Brothers,Failing,132,1,44,https://www.billboard.com/charts/billboard-200?rank=143
144,Greatest Hits So Far...,Zac Brown Band,Rising,149,20,252,https://www.billboard.com/charts/billboard-200?rank=144
145,Ordinary Man,Ozzy Osbourne,Failing,118,3,7,https://www.billboard.com/charts/billboard-200?rank=145
146,Their Greatest Hits 1971-1975,Eagles,Failing,136,1,321,https://www.billboard.com/charts/billboard-200?rank=146
147,I'm Him,Kevin Gates,Failing,128,4,28,https://www.billboard.com/charts/billboard-200?rank=147
148,The Eminem Show,Eminem,Failing,138,1,372,https://www.billboard.com/charts/billboard-200?rank=148
149,A Star Is Born (Soundtrack),Lady Gaga & Bradley Cooper,Failing,141,1,79,https://www.billboard.com/charts/billboard-200?rank=149
150,Championships,Meek Mill,Failing,143,1,71,https://www.billboard.com/charts/billboard-200?rank=150
151,X 100PRE,Bad Bunny,Failing,139,11,68,https://www.billboard.com/charts/billboard-200?rank=151
152,Hot Rocks 1964-1971,The Rolling Stones,Rising,154,4,327,https://www.billboard.com/charts/billboard-200?rank=152
153,Doo-Wops & Hooligans,Bruno Mars,Failing,146,3,465,https://www.billboard.com/charts/billboard-200?rank=153
154,"Quality Control: Control The Streets, Volume 2",Various Artists,Failing,147,3,34,https://www.billboard.com/charts/billboard-200?rank=154
155,Greatest Hits,Tim McGraw,Re-Enter,-,4,106,https://www.billboard.com/charts/billboard-200?rank=155
156,"good kid, m.A.A.d city",Kendrick Lamar,Failing,152,2,389,https://www.billboard.com/charts/billboard-200?rank=156
157,Metallica,Metallica,Re-Enter,-,1,567,https://www.billboard.com/charts/billboard-200?rank=157
158,Drip Harder,Lil Baby & Gunna,Failing,148,4,79,https://www.billboard.com/charts/billboard-200?rank=158
159,Birds In The Trap Sing McKnight,Travis Scott,Failing,158,1,187,https://www.billboard.com/charts/billboard-200?rank=159
160,BOSS MAN,Rich The Kid,Failing,157,24,4,https://www.billboard.com/charts/billboard-200?rank=160
161,ZOMBIES 2,Soundtrack,Failing,145,44,8,https://www.billboard.com/charts/billboard-200?rank=161
162,The Essential Elvis Presley,Elvis Presley,Rising,166,42,41,https://www.billboard.com/charts/billboard-200?rank=162
163,Greatest Hits,Red Hot Chili Peppers,Failing,160,18,236,https://www.billboard.com/charts/billboard-200?rank=163
164,Ctrl,SZA,Rising,175,3,148,https://www.billboard.com/charts/billboard-200?rank=164
165,H.E.R.,H.E.R.,Failing,159,23,128,https://www.billboard.com/charts/billboard-200?rank=165
166,Perception,NF,Failing,161,1,131,https://www.billboard.com/charts/billboard-200?rank=166
167,Greatest Hits,Bob Seger & The Silver Bullet Band,Rising,168,8,324,https://www.billboard.com/charts/billboard-200?rank=167
168,50 Number Ones,George Strait,Failing,167,1,134,https://www.billboard.com/charts/billboard-200?rank=168
169,Ocean,Lady Antebellum,Re-Enter,-,11,13,https://www.billboard.com/charts/billboard-200?rank=169
170,Cosmic,Bazzi,Rising,171,14,103,https://www.billboard.com/charts/billboard-200?rank=170
171,Ella Mai,Ella Mai,Failing,169,5,77,https://www.billboard.com/charts/billboard-200?rank=171
172,Nothing Was The Same,Drake,Rising,192,1,328,https://www.billboard.com/charts/billboard-200?rank=172
173,Curtain Call: The Hits,Eminem,Re-Enter,-,1,489,https://www.billboard.com/charts/billboard-200?rank=173
174,Reloaded: 20 #1 Hits,Blake Shelton,Rising,179,5,180,https://www.billboard.com/charts/billboard-200?rank=174
175,Golden Hour,Kacey Musgraves,Failing,174,4,86,https://www.billboard.com/charts/billboard-200?rank=175
176,Sounds Of Summer: The Very Best Of The Beach Boys,The Beach Boys,Failing,173,16,205,https://www.billboard.com/charts/billboard-200?rank=176
177,Kidz Bop Party Playlist!,Kidz Bop Kids,New,-,177,1,https://www.billboard.com/charts/billboard-200?rank=177
178,The Monkees Live: The Mike & Micky Show,The Monkees,New,-,178,1,https://www.billboard.com/charts/billboard-200?rank=178
179,California Sunrise,Jon Pardi,Rising,186,11,175,https://www.billboard.com/charts/billboard-200?rank=179
180,Nevermind,Nirvana,Rising,188,1,468,https://www.billboard.com/charts/billboard-200?rank=180
181,The Very Best Of Daryl Hall  John Oates,Daryl Hall John Oates,Failing,178,34,80,https://www.billboard.com/charts/billboard-200?rank=181
182,3.15.20,Childish Gambino,Failing,59,13,3,https://www.billboard.com/charts/billboard-200?rank=182
183,Rearview Town,Jason Aldean,Rising,184,1,100,https://www.billboard.com/charts/billboard-200?rank=183
184,Thriller,Michael Jackson,Failing,176,1,413,https://www.billboard.com/charts/billboard-200?rank=184
185,In The Lonely Hour,Sam Smith,Failing,170,2,298,https://www.billboard.com/charts/billboard-200?rank=185
186,IGOR,"Tyler, The Creator",Failing,182,1,47,https://www.billboard.com/charts/billboard-200?rank=186
187,The Best Of Kenny Rogers: Through The Years,Kenny Rogers,Failing,142,9,3,https://www.billboard.com/charts/billboard-200?rank=187
188,21,Adele,Rising,191,1,460,https://www.billboard.com/charts/billboard-200?rank=188
189,The Definitive Collection,Stevie Wonder,Re-Enter,-,35,87,https://www.billboard.com/charts/billboard-200?rank=189
190,A Decade Of Destruction,Five Finger Death Punch,Failing,180,29,110,https://www.billboard.com/charts/billboard-200?rank=190
191,Blurryface,twenty one pilots,Failing,189,1,256,https://www.billboard.com/charts/billboard-200?rank=191
192,ANTI,Rihanna,Failing,183,1,215,https://www.billboard.com/charts/billboard-200?rank=192
193,Greatest Hits: The Ultimate Collection,Bon Jovi,Re-Enter,-,5,159,https://www.billboard.com/charts/billboard-200?rank=193
194,x,Ed Sheeran,Rising,196,1,299,https://www.billboard.com/charts/billboard-200?rank=194
195,WOMB,Purity Ring,New,-,195,1,https://www.billboard.com/charts/billboard-200?rank=195
196,Night Visions,Imagine Dragons,Failing,193,2,389,https://www.billboard.com/charts/billboard-200?rank=196
197,Life's A Trip,Trippie Redd,Failing,185,4,59,https://www.billboard.com/charts/billboard-200?rank=197
198,Different 'Round Here,Riley Green,Re-Enter,-,95,6,https://www.billboard.com/charts/billboard-200?rank=198
199,Swimming,Mac Miller,Failing,194,3,88,https://www.billboard.com/charts/billboard-200?rank=199
200,Until Death Call My Name,YoungBoy Never Broke Again,Failing,181,7,96,https://www.billboard.com/charts/billboard-200?rank=200
